"l_kw","lc_id"
"Accra (Ghana)","n79059515"
"Acholi District (Uganda)",""
"Adampur (Haryana, India)",""
"Addis Ababa (Ethiopia)","n79061184"
"Adilabad (India : District)","n2007200836"
"Adur (England)","n88080832"
"Afghanistan","n79063030"
"Africa","sh85001531"
"Agar River (India)",""
"Agartala (India)","n81095633"
"Agatti Island (India)",""
"Agra (India : District)","n79114634"
"Ahmadābād (India : District)","n78019943"
"Ahmadnagar (India : District)","n82023901"
"Ahu River (India)",""
"Ahvāz (Iran)","n81097923"
"Aijal (India : District)","n89234070"
"Ain (France)","n81079052"
"Aisne (France)","n81039829"
"Ajmer District (India)","n83047451"
"Akashi-shi (Japan)","n80108721"
"Aklera (India)",""
"Aklūj (India)",""
"Alabama","n79027034"
"Alameda (Calif.)","n81081050"
"Alameda County (Calif.)","n82205017"
"Alaska","n79018447"
"Albany (Calif.)","n81081052"
"Albion River Watershed (Calif.)",""
"Albuquerque (N.M.)","n79079329"
"Alexandria (Egypt)","n80067694"
"Algiers (Algeria)","n79058668"
"Alībāg (India)","n89265169"
"Alīgarh (India : District)","n83156419"
"Allahabad (India : District)","n85072194"
"Allerdale (England)","nb2012010081"
"Allier (France : Department)","n82001814"
"Almora (India : District)","n85081975"
"Alnwick (England)","n83052399"
"Alpes de Haute-Provence (France)","n81036014"
"Alpes-Maritimes (France)","n82031739"
"Alsace (France)","n81007355"
"Alwar (India : District)","n83009287"
"Ambāla (India : District)","n88080544"
"Ambattūr (India)",""
"Amber Valley (England)","n94024986"
"Ambikā River (India)",""
"American Canyon (Calif.)","n2001021388"
"Amrāvati (India : District)","no2005000085"
"Amritsar (India : District)","n83030714"
"Āmūr (India)",""
"Anand (India : District)","n2008050108"
"Andaman and Nicobar Islands (India)","n81023398"
"Andaman Islands (India)","sh96007926"
"Andhāri (India)",""
"Andhāri River (India)",""
"Andhra Pradesh (India)","n79110399"
"Andrōth Island (India)",""
"Anglesey (Wales)","n81071480"
"Anhui Sheng (China)","n81066245"
"Anjan Nadī (India)",""
"Anjuna (India)","n88001410"
"Anqing Shi (China)","n85209547"
"Ansan-si (Kyŏnggi-do, Korea)","n85137297"
"Antāgarh (India)",""
"Antarctica","sh85005490"
"Antioch (Calif.)","n81081053"
"Aquitaine (France)","n81015575"
"Ara (India)","n88124350"
"Araku (India)","n2009216218"
"Araria (India : District)","no2002074810"
"Arctic Ocean","sh85006951"
"Ardèche (France)","n80125723"
"Ardennes (France)","n50051287"
"Ariège (France)","n5005542"
"Arizona","n79034873"
"Arkansas","n79034503"
"Arna River (India)",""
"Aromas (Calif.)","n81108781"
"Arpa River (India)",""
"Arun (England)","nb2006006705"
"Arunāchal Pradesh (India)","n80067460"
"Ashfield (England : District)","n85047175"
"Ashford (Kent, England : District)","n88278898"
"Asia","sh85008606"
"Asifābād (India)",""
"Asola Mendha Tank (India)",""
"Assam (India)","n79090160"
"Astrakhanʹ (Russia)","n82115502"
"Aswān (Egypt)","n82145481"
"Atherton (Calif.)","n79063005"
"Atlanta (Ga.)","n79023214"
"Atlantic Ocean","sh85009201"
"Ātmakūr (India)",""
"Attur (India)",""
"Aube (France)","n50053186"
"Aude (France : Department)","n81007353"
"Aurangābād (Maharashtra, India : District)","n84163901"
"Austin (Tex.)","n79007290"
"Australia","n79021326"
"Auvergne (France)","n81019993"
"Aveyron (France)","n50070909"
"Aylesbury Vale (England)","n80141377"
"Azerbaijan","n92000010"
"Bāba Bakāla (India)",""
"Babergh (England)","n77003599"
"Babra (India : Taluka)","n2006206373"
"Bacolod (Philippines)","n83044641"
"Bāda (India)",""
"Badakhshān (Afghanistan)","n83206283"
"Badarīnāth (India)","n82151441"
"Bādghīs (Afghanistan)","n85281890"
"Badgom (India)",""
"Bagaha (India : Division)","n89263784"
"Bagh (India)","n93035901"
"Baghlān (Afghanistan : Province)","n86066472"
"Baghlān (Afghanistan)","n2010053592"
"Bāgūr (India)",""
"Bahamas","n79081362"
"Bāhudānadī River",""
"Bajaura (India)",""
"Bājengdoba (India)",""
"Baku (Azerbaijan)","n79110308"
"Bālāghāt (India : District)","n83020430"
"Balarāmpur (India)",""
"Balasore (India : District)","n88147464"
"Bāligurha (India)",""
"Balkh (Afghanistan : Province)","n98034057"
"Balkh (Afghanistan)","n83005425"
"Balkonda (India)","n89280166"
"Bally (India)","n84025845"
"Baltic Sea","sh85011368"
"Baltimore (Md.)","n79006530"
"Bamako (Mali)","n50077818"
"Bāmīān (Afghanistan : Province)","n86066473"
"Bāndi Nadī",""
"Bandung (Indonesia)","n79121683"
"Bangalore (India) ","n79127101"
"Bangkok (Thailand)","n79065460"
"Bangladesh","n81063207"
"Banjul (Gambia)","n80117263"
"Bānki (India)",""
"Bānkurā (India : District)","n82109041"
"Bānsgaon (India)",""
"Bānswāra (India : District)","n84018079"
"Bāra Banki (India : District)","n79126738"
"Barādi Māta Creek",""
"Barāk River (India)",""
"Bāramūla (India : District)","n82166786"
"Barāra (India)",""
"Bareilly (India : District)","n87853333"
"Barharwa (India)","no2002076423"
"Barjala (India)",""
"Barking and Dagenham (London, England)","n82083264"
"Bārmer (India : District)","n89291246"
"Bārna Nadi",""
"Barnet (London, England)","n50026613"
"Barnsley (South Yorkshire, England)","n82164133"
"Barrow-in-Furness (England)","n79086826"
"Barsi (India)",""
"Bas-Rhin (France)","n81126018"
"Basildon (England)","n83052636"
"Basingstoke and Deane (England)","n85240909"
"Basse-Normandie (France)","n80104479"
"Bassetlaw (England)","nb2005018700"
"Bassi (Rajasthan, India)",""
"Basta (India)",""
"Bastar (India : District)","n83313074"
"Baswa (India)",""
"Bath & North East Somerset (England)","nr99013200"
"Bavarwala Nār",""
"Beās River (India)","sh94001828"
"Beās River Watershed (India)",""
"Bedford (England)","n83030388"
"Bedi Bundar Creek",""
"Bedti River (India)",""
"Behari Khāl",""
"Beijing (China)","n79076155"
"Belfort (France : Territory)","n81007926"
"Belize","n79126944"
"Bellary (India : District)","n82027809"
"Belmont (Calif.)","n81081055"
"Belonia (India)",""
"Belvedere (Calif.)","n81081054"
"Benicia (Calif.)","n79064893"
"Beohāri (India)",""
"Berkeley (Calif.)","n79046046"
"Berubāri (India)",""
"Berwick-upon-Tweed (England : District)","n88278592"
"Bettiah (India)","n89166220"
"Betūl (India : District)","n89105127"
"Betwa River (India)","sh90000804"
"Bexley (London, England)","n88052675"
"Bhādar River (India)",""
"Bhāgalpur (India : District)","n81108245"
"Bhāgīrathi River",""
"Bhairamgarh (India)",""
"Bhākra Dam","sh99002611"
"Bhandāra (India : District)","n83020432"
"Bhandarej (India)",""
"Bhānupratāppur (India)",""
"Bharūch (India : District)","n83312388"
"Bhattu Khurd (India)",""
"Bhāvnagar (India : District)","n80160689"
"Bhayandar (India)",""
"Bhīlwāra (India : District)","n89284170"
"Bhiwandi (India)","n85044956"
"Bhiwani (India : District)","n87914770"
"Bhogāva River",""
"Bhojpur (Madhya Pradesh, India)","n89204440"
"Bhokar (India)",""
"Bhopal (India : District)","n89146080"
"Bhopālgarh (India)",""
"Bhubaneswar (India)","n80025998"
"Bhugai River",""
"Bhuj (India)","n82251410"
"Bhūkhi-Bhādar River",""
"Bhusāwal (India)",""
"Bhutan","n79149023"
"Bideipur (India)",""
"Big Sur (Calif.)","n80010047"
"Bihar (India)","n79077375"
"Bījāpur (Chhattīsgarh, India)",""
"Bīkāner (India : District)","n89250061"
"Bilāspur (Chhattīsgarh, India : District)","n2010013207"
"Bilaspur (Princely State)","no2005002864"
"Bina (India)","no2003014476"
"Binnāguri (India)",""
"Birmingham (England)","n79084311"
"Birmitrapur (India)",""
"Birpara (India)",""
"Blaby (England : District)","n88080940"
"Black Sea","sh85014616"
"Blackburn with Darwen (England)","n2001147283"
"Blackpool (England)","n81098925"
"Blaenau Gwent (Wales)","n83062675"
"Blyth Valley (England)","n88187278"
"Bodhan (Andhra Pradesh, India)",""
"Boglia River",""
"Boinu River (India)",""
"Bokaro (India : District)","n2009200258"
"Bolsa Knolls (Calif.)","n98113348"
"Bolsover (England : District)","n88278585"
"Bolton (Greater Manchester, England)","n77016199"
"Bomdila (India)","n89273930"
"Bor River (India)",""
"Borāwar (India)",""
"Bori River",""
"Boston (England : District)","n88238159"
"Boston (Mass.)","n79045553"
"Both (India)","n82133366"
"Botswana","n79079238."
"Bouches-du-Rhône (France)","n50051603"
"Bournemouth","n80079500"
"Bracknell Forest (England)","n2001147288"
"Bradford (West Yorkshire, England)","n82127948"
"Bradley (Calif.)",""
"Brahmani River (Orissa, India)","sh89005278"
"Brahmani River Watershed (India)",""
"Brahmapur (India)","n82162996"
"Brahmaputra River","sh85016307"
"Brahmaputra River Watershed",""
"Braintree (England : District)","n83232552"
"Brazil","n79128015"
"Breckland (England)","n88102281"
"Brent (London, England)","n88080935"
"Brentwood (Calif.)","n78030109"
"Brentwood (England)","n82010071"
"Bridgend (Wales)","no90002205"
"Bridgnorth (England)","n83317538"
"Brighton and Hove (England)","n2001147294"
"Brisbane (Calif.)","n78087929"
"Bristol (England)","n80079493"
"Brittany (France)","n81011160"
"Broadland (England)","n80089885"
"Bromley (London, England)","n83128104"
"Bromsgrove (England : District) ","n88187330"
"Broxbourne (England)","n85064459"
"Broxtowe (England)","nb2008020407"
"Budapest (Hungary)","n79091691"
"Buenos Aires (Argentina)","n79079054"
"Bundi (India : District)","no2004086752"
"Burgundy (France)","n79091183"
"Burlingame (Calif.)","n81081056"
"Burnley (England)","n81039804"
"Bury (Greater Manchester, England)","n82164135"
"Cabo San Lucas (Baja California Sur, Mexico)","n84073229"
"Cachagua Creek",""
"Caerphilly (Wales)","n89671249"
"Cairo (Egypt)","n79055723"
"Calangute (India)",""
"Calderdale (England)","n85081826"
"California","n79041717"
"California, Gulf of (Mexico)","sh85018896"
"California, Northern",""
"Calistoga (Calif.)","n82032028"
"Calvados (France)","n50052877"
"Cambridge (England)","n79018410"
"Camden (London, England)","n83052622"
"Campbell (Calif.)","n81108743"
"Canada","n79007233"
"Cannanore (India : District)","n82103542"
"Cannock Chase (England)","n97097255"
"Cantal (France)","n82161783"
"Canterbury (England)","n79145881"
"Car Nicobar Island (India)","sh96008264"
"Caracas (Venezuela)","n79097478"
"Caradon (England)","no99047138"
"Cardiff (Wales)","n79063889"
"Carlisle (England : District)","n85189217"
"Carmarthenshire (Wales)","n82060320"
"Carmel (Calif.)","n80084495"
"Carmel Canyon (Calif.)",""
"Carmel Highlands (Calif.)","n89122713"
"Carmel Valley (Calif.)","n81108304"
"Carrick (England)",""
"Casablanca (Morocco)","n80131711"
"Castellón (Spain : Province)","n80132333"
"Castle Point (England)","nb2009024407"
"Castroville (Calif.)","n84195878"
"Cauvery River (India)","sh85021473"
"Cauvery River Watershed (India)",""
"Cebu City (Philippines)","n82242501"
"Centre (France)","n81048085"
"Ceredigion (Wales)","n97018592"
"Ch'ŏnan-si (Korea)","n85137300"
"Chakra Nadī",""
"Chambal River (India)","sh85022419"
"Chambal River Watershed (India)",""
"Champagne-Ardenne (France)","n82000455"
"Chandīgarh (India : Union Territory)","n81109268"
"Chandīgarh (India)","n80152930"
"Chandni Chowk (Delhi, India)","no2004006256"
"Chandragiri River",""
"Changzhi Shi (China)","n88137468"
"Charente (France)","n81032653"
"Charente-Maritime (France)","n80125733"
"Chargaon (India)",""
"Charlotte (N.C.)","n79022863"
"Charnwood (England)","n50048660"
"Chautang Nadī (India)",""
"Chavara (India)",""
"Chelmsford (England)","n82104274"
"Cheltenham (England)","n81125774"
"Chenāb River (India and Pakistan)","sh2002005758"
"Chennai (India : District)","n2012073877"
"Cher (France)","n82073041"
"Cherwell (England)","nb2008011535"
"Cheshire East (England)","nb2009018863"
"Chester (England)","n80138689"
"Chester-le-Street (England)","n85137116"
"Chesterfield (England)","n82229015"
"Cheyyur (India)",""
"Chhapra (India)",""
"Chhatar Nār",""
"Chhatarpur",""
"Chhattīsgarh (India)","n84025797"
"Chicago (Ill.)","n78086438"
"Chichester (England)","n50045892"
"Chihuahua (Chihuahua, Mexico)","n83007435"
"Chiltern (England)","n77018152"
"China","n79091151"
"Chinju-si (Korea)","n82018635"
"Chinnūr (India)",""
"Chitarpur (India)",""
"Chitrakot (India)",""
"Chittaurgarh (India)","n82007235"
"Chittur (India)","n88292165"
"Chongqing (China)","n81082039"
"Chorley (England)","n81048259"
"Christchurch (Dorset, England)","n84195789"
"Chulband River (India)",""
"Churu (India)","n82143148"
"Cincinnati (Ohio)","n79053745"
"Ciudad Juárez (Mexico)","n82000742"
"Clayton (Calif.)","n81081210"
"Clipperton Island","sh90000274"
"Cloverdale (Calif.)","n83220611"
"Cochin (India) ","n80152910"
"Coimbatore (India : District)","n82241163"
"Coimbatore (India)","n80124942"
"Colchester (England : District)","n88238214"
"Colma (Calif.)","n83226129"
"Colorado","n80125532"
"Columbus (Ohio)","n79049218"
"Concord (Calif.)","n80038253"
"Congleton (England)","n81117649"
"Connecticut","n79074102"
"Contra Costa County (Calif.)","n79096739"
"Conwy (Wales)","n89119149"
"Copeland (England)","n80157303"
"Corby (England : District)","n88238068"
"Corrèze (France : Department)","n79074345"
"Corse-du-Sud (France)","n81075890"
"Corsica (France)","n81070647"
"Corte Madera (Calif.)","n81081212"
"Cotati (Calif.)","n81071619"
"Côte-d'Or (France)","n50026413"
"Côtes-d'Armor (France)","nr91026804"
"Cotswold (England)","nb2012014375"
"Coventry (England)","n81071238"
"Craven (England)","nb2008022776"
"Crawley (West Sussex, England)","n83175353"
"Creuse (France)","n82158276"
"Croydon (London, England)","n82023915"
"Cuba","n79079435"
"Cupertino (Calif.)","n81108742"
"Curtorim (India)",""
"Cuttack (India : District)","n84025790"
"Dabhel (India)",""
"Dacorum (England)","nb2005017196"
"Dādra (India)",""
"Dādra and Nagar Haveli (India)","n81033273"
"Dalhousie (India)","n79126622"
"Dallas (Tex.)","n79023321"
"Daly City (Calif.)","n85387398"
"Daman and Diu (India)","n89102023"
"Damodar River (India)","sh97006046"
"Danville (Calif.)","n79117228"
"Darbhanga (India : District)","n88123873"
"Daria (India)",""
"Darjeeling (India : District)","n85044864"
"Darlington (England : District)","n88238069"
"Dartford (England : District)","n83220973"
"Dāspur (India)",""
"Daventry (England)","n81035812"
"Dāykundī (Afghanistan : Province)","n2012063675"
"Debagrām (India)",""
"Dehra Dūn (India : District)","n82221738"
"Del Rey Oaks (Calif.)","n80006981"
"Delaware","n79041720"
"Delhi (India : Union Territory)","n50061139"
"Denbighshire (Wales)","n50052158"
"Denver (Colo.)","n79055157"
"Deoband (India)","n81110556"
"Deoghar (India)","n82246450"
"Derā Nānak (India)",""
"Derby (England)","n50027834"
"Derbyshire Dales District",""
"Derwentside (England)","n82026623"
"Detroit (Mich.)","n79045539"
"Deux-Sèvres (France)","n80050160"
"Dewās (India : District)","n79120088"
"Dhaka (Bangladesh)","n81019948"
"Dhalai (India)",""
"Dhānbād (India : District)","n83167710"
"Dhanwār (India)",""
"Dharmanagar (India)",""
"Dhārwār (India : District)","n81124988"
"Dhaulīganga River",""
"Dhaulpur (India)",""
"Dhebar Lake",""
"Dhone (India)",""
"Dhulkot (India)",""
"Dibrugarh (India : District)","n83060442"
"Dichpalli (India)",""
"Diglipur (India)","n2006215488"
"Dimāpur (India)","n80121719"
"Diphu (India)","n89284303"
"Dīsa (India)","n86053318"
"Dixon (Calif.)","n81108759"
"Doda District (India)","n81009045"
"Domchānch (India)",""
"Dominican Republic","n79094586"
"Doncaster (England)","n50027860"
"Dordogne (France)","n50066569"
"Doubs (France)","n93053168"
"Dover (England)","n84080070"
"Drôme (France)","n81022472"
"Dublin (Calif.)","n81081213"
"Dudley (England)","n50027602"
"Duimukh (India)",""
"Dum Dum (India)","no2002071243"
"Durg (India)","n85019859"
"Durham (England)","n79084739"
"Dwārka (India)","n81131909"
"Ealing (London, England)","n81148224"
"Earth (Planet)","sh85040427"
"Easington (Durham, England)","n94030986"
"East Cambridgeshire (England)","n80108373"
"East Devon (England)","nb2006011235"
"East Dorset (England)","nb2014000433"
"East Hampshire (England)","n81015927"
"East Hertfordshire (England)","nb2011017632"
"East Lindsey (England)","no2008053513"
"East Northamptonshire (England)","nb2005017789"
"East Palo Alto (Calif.)","n85186120"
"East Riding of Yorkshire (England)","n50056253"
"East Staffordshire (England)","n82058779"
"Eastbourne (East Sussex, England)","n81078218"
"Eastleigh (England)","n82105474"
"Eden (England)",""
"Egypt","n80061791"
"El Cerrito (Calif.)","n81083003"
"El Paso (Tex.)","n79121678"
"Elkhorn Slough (Calif.)","sh89005114"
"Ellesmere Port and Neston (England)",""
"Elmbridge (England)","n78055053"
"Emeryville (Calif.)","n81081214"
"Enfield (London, England)","n50036461"
"Ensenada (Baja California, Mexico)","n81134884"
"Epping Forest (England)","n82163284"
"Epsom and Ewell (England)","n84195609"
"Erāi River (India)",""
"Eraniel (India)",""
"Erewash (England)","n82164269"
"Ernakulam (India : District)","n81002600"
"Essonne (France)","n81045417"
"Etāwah (India : District)","no2005017034"
"Eure (France)","n50060357"
"Eure-et-Loir (France)","n80159172"
"Europe","sh85045631"
"Exeter (England)","n50062735"
"Fairfax (Calif.)","n81081215"
"Fairfield (Calif.)","n81108760"
"Farāh (Afghanistan : Province)","n86066474"
"Fareham (England)","n82018569"
"Farīdābād (India)","n80141038"
"Fāryāb (Afghanistan)","n86066475"
"Fatehgarh (India)",""
"Fatehpura (India)",""
"Fenland (England)","n88278590"
"Finistère (France)","n50029298"
"Firozabad (India)","n88176800"
"Flintshire (Wales)","n50052160"
"Florida","n79053995"
"Forest Heath (England)","n88278677"
"Forest of Dean (England : District)","nr2005022804"
"Fort Worth (Tex.)","n79027008"
"Foster City (Calif.)","n81081217"
"France","n79006404"
"Franche-Comté (France)","n80152341"
"Fremont (Calif.)","n81081218"
"French Guiana","n79128019"
"French Polynesia","n50064529"
"Fresno (Calif.)","n80002531"
"Fujian Sheng (China)","n80113116"
"Fukuoka-ken (Japan)","n80022934"
"Fylde (England)",""
"Gahmar",""
"Gambhir River (India)","sh89006018"
"Gandak River (Nepal and India)","sh00000319"
"Gāndhīdhām (India)",""
"Gāndhīnagar (India : District)","n2012201973"
"Ganespur (India)",""
"Ganges River (India and Bangladesh)","sh85053016"
"Gangotri (India)","n82049690"
"Gangtok (India)","n83023945"
"Gansu Sheng (China)","n81022588"
"Garaimāri (India)",""
"Gard (France)","n50054371"
"Gateshead (England)","n50051191"
"Gauhati (India)","n50051193"
"Gaur Nadī",""
"Gedling (England)","n85335283"
"Georgia","n79023113"
"Georgia (Republic)","n81055241"
"Gers (France)","n81007173"
"Geyserville (Calif.)","n2003122520"
"Ghaghar Reservoir (India)",""
"Ghaziabad (India : District)","n97922485"
"Ghaznī (Afghanistan : Province)","n96087882"
"Ghowr (Afghanistan)","n86066476"
"Gilgit River",""
"Gilroy (Calif.)","n81108767"
"Girnā River",""
"Gironde (France)","n80109290"
"Gloucester (England)","n79071079"
"Goa (India : State)","n89102022"
"Godāvari River (India)","sh85055590"
"Godhra (India)","no2002060796"
"Golāghāt (India : District)","n2010208245"
"Gonzales (Calif.)","n82015299"
"Gopālganj (India)",""
"Gorakhpur (India : District)","n83206269"
"Goregaon (India)",""
"Gorīganga River (India)","sh2001004170"
"Gosport (England)","n84106491"
"Gravesham (England)","n80093457"
"Great Yarmouth (England)","n80117448"
"Greenfield (Calif.)","n83220616"
"Greenland","n79059221"
"Greenwich (London, England)","n80002421"
"Guadalajara (Mexico)","n79112329"
"Guadeloupe (Region)","n83236501"
"Guam","n50000810"
"Guangdong Sheng (China)","n81018335"
"Guangxi Zhuangzu Zizhiqu (China)","n80138721"
"Guangzhou (China)","n79117229"
"Guarujá (São Paulo, Brazil)","n82131919"
"Guatemala (Guatemala)","n81019995"
"Guildford (England)","n81054258"
"Guizhou Sheng (China)","n81026035"
"Gujarat (India)","n81063244"
"Gulmarg (India)","no2013119485"
"Guntūr (India : District)","n83014088"
"Gurdāspur (India : District)","n84065655"
"Gurgān (Gulistān, Iran)","nr98000765"
"Guru Har Sahāi (India)",""
"Gutur River",""
"Guyana","n80061018"
"Gwalior (India : District)","n81136401"
"Gwynedd (Wales)","n50044093"
"Hackney (London, England)","n85192245"
"Hainan Sheng (China)","n88080551"
"Haiti","n79053108"
"Haldwani (India)","no99057481"
"Half Moon Bay (Calif.)","n80043351"
"Halton (England)","n88278547"
"Hambleton (North Yorkshire, England)","n2003121511"
"Hammersmith and Fulham (London, England)","n84216159"
"Hansi (India)","no2003015137"
"Hapur (India)","n89261217"
"Harare (Zimbabwe)","n83024955"
"Harborough (England)","n82008627"
"Haridwār (India)","n88080888"
"Haringey (London, England)","n85007099"
"Harlow (England)","n81006937"
"Harrogate (England)","n80001264"
"Harrow (London, England)","n80035633"
"Hart (England)","n85064443"
"Hartlepool (England)","n81132221"
"Haryana (India)","n80090473"
"Hasdo River",""
"Hastings (England)","n83141520"
"Hatni River",""
"Haut-Rhin (France)","n80013632"
"Haute-Corse (France)","n81075860"
"Haute-Garonne (France)","n80009763"
"Haute-Loire (France)","n82052562"
"Haute-Marne (France)","n80067504"
"Haute-Normandie (France)","n79091689"
"Haute-Saône (France)","n81002724"
"Haute-Savoie (France)","n80149001"
"Haute-Vienne (France)","n81136712"
"Hautes-Alpes (France)","n81022471"
"Hautes-Pyrénées (France)","n81139336"
"Hauts-de-Seine (France)","n82053193"
"Havant (England)","n88230943"
"Haveli (India)",""
"Havering (London, England)","n85207762"
"Hawa Mahal",""
"Hawaii","n80061028"
"Hayward (Calif.)","n81081220"
"Hazārībāg (India : District)","n83030711"
"Healdsburg (Calif.)","n82005980"
"Hebei Sheng (China)","n81108669"
"Heilongjiang Sheng (China)","n81071016"
"Helmand (Afghanistan)","n86066478"
"Henan Sheng (China)","n2010042254"
"Herāt (Afghanistan : Province)","n86066479"
"Herat (Afghanistan)","n81108322"
"Hérault (France)","n80125708"
"Hercules (Calif.)","n81081580"
"Herefordshire (England)","n81018212"
"Hertsmere (England)","nb2005010874"
"High Peak (England : District)","nb2008010853"
"Hillingdon (London, England)","n88278910"
"Hillsborough (Calif.)","n81081117"
"Himachal Pradesh (India)","n50055502"
"Hinckley and Bosworth (England)","n83132805"
"Hisar (India : District)","n87914772"
"Hivra (India)",""
"Hivra River",""
"Ho Chi Minh City (Vietnam)","n82114726"
"Hong Kong (China)","n92004431"
"Horsham (England : District)","n88187339"
"Hoshangābād (India)","n79109658"
"Hosur (India)","n89255864"
"Hounslow (London, England)","n88080590"
"Houston (Tex.)","n79049234"
"Howrah (India : District)","n82028978"
"Hubei Sheng (China)","n81018205"
"Hubli (India) ","n84217064"
"Hugli (India : District)","n84053130"
"Hull (England)","n79129536"
"Hunan Sheng (China)","n79064833"
"Hunsur (India : Taluk)","n89235920"
"Huntingdonshire (England)","nr89000223"
"Hyderabad (India : District)","n88123323"
"Hyndburn (England)","nb2008012748"
"Ibadan (Nigeria)","n79061289"
"Ichchāpuram (India)",""
"Idaho","n81014565"
"Île-de-France (France)","n81043400"
"Ilhéus (Brazil)","n82024358"
"Ille-et-Vilaine (France)","n81011158"
"Illinois","n79053746"
"Imphāl (India)","n78002738"
"Imphāl Turel (India)",""
"India","n80125948"
"Indian Ocean","sh85064984"
"Indiana","n79022925."
"Indira Point (India)",""
"Indore (India : District)","n89284547"
"Indravati River (India)","sh99014578"
"Indre (France : Department)","n82073040"
"Indre-et-Loire (France)","n83214250"
"Indus River","sh85065819"
"Inner Mongolia (China)","n81018477"
"Iowa","n79081387"
"Ipoh (Perak, Malaysia)","n81013490"
"Ipswich (England)","n81066410"
"Isère (France)","n81022474"
"Isle of Wight (England)","n79129534"
"Isles of Scilly (England)","nb2008023910"
"Islington (London, England)","n81043466"
"Israel","n79003285"
"Istanbul (Turkey)","n79034985"
"Itanagar (India)","n89262055"
"Jabalpur (India : District)","n88199874"
"Jacksonville (Fla.)","n79058293"
"Jagādhri (India)",""
"Jagtiāl (India)",""
"Jaipur (India : District)","n2013018731"
"Jaipur (India)","n80019671"
"Jaisalmer (India : District)","n89223480"
"Jakhan (Uttarakhand : India)",""
"Jalālābād (Afghanistan)","n85307660"
"Jālgaon (India : District)","n81108259"
"Jalna (India : District)","n2008205828"
"Jalpaiguri (India : District)","n82103522"
"Jamaica","n81008540"
"Jāmbuda (India)",""
"Jamesburg (Calif.)",""
"Jammu (India : District)","n88123005"
"Jammu and Kashmir (India)","n79142931"
"Jāmnagar (India : District)","n2012201972"
"Jāmner (India)",""
"Jāmod (India)","n79082932"
"Jamshedpur (India)","n50077850"
"Jamuna Nadī",""
"Jamuniya (India)",""
"Jangpura (India)",""
"Jāt (India)",""
"Jaula (India)",""
"Jawai River",""
"Jequié (Brazil)",""
"Jhansi (India : District)","n85072144"
"Jharkhand (India)","n2001020816"
"Jhelum River (India and Pakistan)","sh2002006260"
"Jhunjhunūn (India : District)","n89253500"
"Jiangsu Sheng (China)","n81022196"
"Jiangxi Sheng (China)","n79128971"
"Jilin Sheng (China)","n81019981"
"Jiri River",""
"Jodhpur (India : District)","n84039716"
"Johannesburg (South Africa)","n79104288"
"Jolon (Calif.)",""
"Jorhāt (India : District)","n2009074590"
"Jowai (India)",""
"Jowzjān (Afghanistan)","n86066480"
"Jūnāgadh (India : District)","n89199656"
"Jura (France)","n81141839"
"Kabul (Afghanistan : Province)","n86066481"
"Kabul (Afghanistan)","n80056678"
"Kachchh (India)","n84018121"
"Kadmat Island (India)","sh2010015536"
"Kakching (India)","n81000983"
"Kalghatgi (India)",""
"Kāli Nadi (India)",""
"Kali River (India and Nepal)","sh88001062"
"Kalyāṇī (India)","n89204461"
"Kalyanpur (India)",""
"Kampala (Uganda)","n80076329"
"Kandahar (Afghanistan)","n83042981"
"Kandahar Airport (Afghanistan)",""
"Kāngra (India : District)","n82090471"
"Kanhan River (India)",""
"Kanniyākumāri (India : District)","n81029759"
"Kanpur (India : District)","n85031192"
"Kānpur (India)","n81066200"
"Kansas","n79007369"
"Kansas City (Mo.)","n79045171"
"Kāpīsā (Afghanistan)","n2005058615"
"Kapūrthala (India : District)","n81067771"
"Karaikal (India : District)","n2008207094"
"Kargil (India)","n78030890"
"Karma (India)",""
"Karnataka (India)","n79125091"
"Karol Bāgh (India)",""
"Kasauli (India)","nb2009031773"
"Kashipur (Bengal, India)",""
"Kathāni Nadī (India)",""
"Kedāranātha (India)","n88124052"
"Kennet (England)","nb2004310936"
"Kensington and Chelsea (London, England)","n88648214"
"Kentucky","n79018583"
"Kenya","n80061011"
"Kerala (India)","n79055067"
"Kerrier (England)",""
"Kettering (England)","nr88003951"
"Khali Kachigam (India)",""
"Khanapur (India)",""
"Khandāri (India)",""
"Kharal (India)",""
"Khārda (India)",""
"Khardi Nadī",""
"Khārod Nadi",""
"Khārowāla Rann (India)",""
"Khatauli (India)",""
"Khejroli (India)",""
"Kherva (India)",""
"Khilchipur (India)",""
"Khonsa (India)","n2006206274"
"Khōst (Afghanistan : Province)",""
"Khowai (India)",""
"Khujji (India)",""
"Kigali (Rwanda)","n80162336"
"King City (Calif.)","n82235178"
"King's Lynn & West Norfolk (England)","nb2005007681"
"Kingston (Jamaica)","n79018833"
"Kingston upon Thames (London, England)","n85081847"
"Kirklees (England)","n81019328"
"Knowsley (England : District)","n94029466"
"Kodoli (India)",""
"Kohima (India)","n82053218"
"Kolab River (India)",""
"Kolār Nadī",""
"Kolār River",""
"Kolasib (India)",""
"Kolkata (India)","n2012073732"
"Konār Nadī",""
"Konta (India)",""
"Kota (India : District)","n83002221"
"Kotdwāra (India)",""
"Krishnapur (India)",""
"Krishnāwati Nadī",""
"Kuala Lumpur (Malaysia)","n79011077"
"Kumbalangy (India)",""
"Kunar (Afghanistan : Province)","n89207637"
"Kunduz (Afghanistan)","n87929913"
"Kunduz Airport (Afghanistan)",""
"Kunduz Province (Afghanistan)","n86066488"
"Kunwāri River",""
"Kupwāra (India)",""
"Kurnool Cuddapah Canal",""
"Kushinagar (India : District)","n2010214745"
"Kuwait (Kuwait)","n81102869"
"La Paz (Baja California Sur, Mexico)","n81005100"
"Lafayette (Calif.)","n81011870"
"Laghmān (Afghanistan)","n86066482"
"Lake County (Calif.)","n80056715"
"Laksar (India)",""
"Lakshadweep (India)","n80123357"
"Lālgola (India)",""
"Lambeth (London, England)","n81103142"
"Lancaster (England)","n79065290"
"Landes (France : Department)","n81057175"
"Langāi River",""
"Languedoc-Roussillon (France)","n80109291"
"Lanjigarh (India)",""
"Larkspur (Calif.)","n79132166"
"Las Vegas (Nev.)","n79041932"
"Lawngtlai (India)",""
"Le Mans (France)","n81033593"
"Lebanon","n79090014"
"Leeds (England)","n80070828"
"Leh (India : District)","n2012218730"
"Leicester (England)","n81076872"
"Leipzig (Germany)","n79125883"
"Lenteng (India)",""
"Leshan Shi (Sichuan Sheng, China)","n83174732"
"Lesotho","n80049717"
"Lewes (England)","n80149966"
"Lewisham (London, England)","n82036181"
"Liaoning Sheng (China)","n80138224"
"Lichfield (England)","n84045056"
"Līlri River",""
"Limousin (France)","n81019994"
"Lincoln (England)","n50057360"
"Liverpool (England)","n80050950"
"Lockwood (Calif.)",""
"Loir-et-Cher (France)","n79116204"
"Loire (France : Department)","n81011157"
"Loire-Atlantique (France)","n81042223"
"Loiret (France)","n81119936"
"Loktak Lake (India)","sh2006006636"
"London (England)","n79005665"
"London (England)","n79005665"
"Long Beach (Calif.)","n79100226"
"Lorraine (France)","n81124886"
"Los Altos (Calif.)","n81119252"
"Los Altos Hills (Calif.)","n81140173"
"Los Angeles (Calif.)","n79021240"
"Los Gatos (Calif.)","n81119251"
"Lot (France)","n80132128"
"Lot-et-Garonne (France)","n81042226"
"Louisiana","n79138970"
"Louisville (Ky.)","n79022918"
"Lower Subansiri (India)",""
"Lowgar (Afghanistan)","n86066483"
"Lozère (France : Department)","n83052245"
"Lucia (Calif.)","sh85117377"
"Lucknow (India : District)","n81059800"
"Ludhiana (India : District)","n83131584"
"Lūni (India)",""
"Lūni River (India)",""
"Lūnkaransar (India)",""
"Luton (England)","n81038875"
"Macclesfield (England)","n85233601"
"Machchhu River (India)","sh2011000351"
"Madded (India)",""
"Madgaon (India)","n82036184"
"Madhubani (India : District)","n89114248"
"Madhupur (India)","n85044957"
"Madhya Pradesh (India)","n79130768"
"Madrid (Spain)","n78089046"
"Madurai (India : District)","n82272158"
"Mahānadī Main Canal",""
"Mahanadi River (India)","sh92002076"
"Mahānanda River",""
"Maharashtra (India)","n50000932"
"Māhi Nāla",""
"Mahi River (India)",""
"Maidstone (England)","n82020261"
"Maine","n79005604"
"Maine-et-Loire (France)","n50074265"
"Mājulī (India)","n81071713"
"Mālād (India)",""
"Malatya (Turkey)","n85105600"
"Malawi","n80089996"
"Māldah District (India)","n82259497"
"Maldon (England)","n85100367"
"Malebennūr (India)",""
"Mālūr (India)",""
"Malvern Hills (England)","n88238454"
"Mamit (India)",""
"Mān River (India)",""
"Manāli (India)","n84152445"
"Manche (France)","n81119935"
"Manchester (England)","n81042321"
"Māndal (India)",""
"Mandavi River (India)","sh2007020049"
"Mandrem (India)",""
"Mangalore (India)","n82150505"
"Mani Mājra (India)",""
"Manila (Philippines)","n79056525"
"Manipala (India)","n79048381"
"Manipur (India)","n79060976"
"Manjra River (India)","sh85080574"
"Manoharpur (India)",""
"Mansfield (England)","n88278983"
"Manzala, Lake (Port Said, Egypt)","sh2011000322"
"Mao Songsang (India)",""
"Marigaon (India)",""
"Marin County (Calif.)","n79089577"
"Marina (Calif.)","n88238186"
"Markacho (India)",""
"Markanda River (India)",""
"Mārkāpur (India)",""
"Marmagao (India)","n84206147"
"Marne (France)","n82088294"
"Marrakech (Morocco)","n80162919"
"Martinez (Calif.)","n81071616"
"Martinique","n80010444"
"Maryland","n79029831"
"Mashāt (India)",""
"Maski (India)",""
"Massachusetts","n79007084"
"Mathura (India : District)","n81142224"
"Mayenne (France)","n86008684"
"Mayotte","n81141395"
"Mayūreswar (India)",""
"Mazār-i Sharīf (Afghanistan)","n79127651"
"Mechi River (Nepal and India)","sh2004003301"
"Medan (Indonesia)","n79147871"
"Mediterranean Sea","sh85083236"
"Medway (England)","n2003032266"
"Meerut (India : District)","n82145620"
"Meghalaya (India)","n80144997"
"Mehsana (India : District)","no2003104094"
"Melli Bāzār (India)",""
"Melton (Leicestershire, England)","nb2010002491"
"Memphis (Tenn.)","n78095779"
"Mendha Nadī",""
"Mendip (England)","nr2006010588"
"Mendocino County (Calif.)","n81108777"
"Mengpui Lui (India)",""
"Menlo Park (Calif.)","n81024722"
"Merāpāni (India)",""
"Merthyr Tydfil (Wales)","n83213117"
"Merton (London, England)","n82273999"
"Mesa (Ariz.)","n81140192"
"Metpalle (India)",""
"Meurthe-et-Moselle (France)","n81124885"
"Meuse (France)","n81124884"
"Mexicali (Mexico)","n81139996"
"Mexico","n81013960"
"Mexico City (Mexico)","n79093328"
"Mexico, Gulf of","sh85084621"
"Michigan","n80046126"
"Mid Bedfordshire (England)",""
"Mid Devon (England)","nb2013009622"
"Mid Suffolk (England)","n77003600"
"Mid Sussex (England)","no2014000956"
"Middlesbrough (England)","n81035069"
"Midi-Pyrénées (France)","n81110767"
"Milan (Italy)","n80060867"
"Mill Valley (Calif.)","n80107104"
"Millbrae (Calif.)","n81081019"
"Milpitas (Calif.)","n81108318"
"Milton Keynes (England)","n81054134"
"Milwaukee (Wis.)","n79119217"
"Minneapolis (Minn.)","n79003965"
"Minnesota","n79021675"
"Mississippi","n79138969"
"Missouri","n79029210"
"Mithri (India)",""
"Mithri Nadi",""
"Mizoram (India)","n81033457"
"Modesto (Calif.)","n79141272"
"Moga (India : District)","no2003104540"
"Mohanā (India)",""
"Mohol (India)",""
"Moldova","n90720192"
"Mole Valley (England)","n88278987"
"Mombasa (Kenya)","n79055155"
"Mona River",""
"Monmouthshire (Wales)","n81020029"
"Montana","n80010207"
"Monte Sereno (Calif.)","n81108744"
"Monterey (Calif.)","n79071222"
"Monterey Bay (Calif.)","sh85087059"
"Monterey Canyon (Calif.)",""
"Monterey Harbor (Calif.)",""
"Montevideo (Uruguay)","n79089276"
"Mopādu (India)",""
"Moradabad (India : District)","n86122026"
"Moraga (Calif.)","n81108319"
"Morān Sāgar",""
"Morār Nadī",""
"Morbihan (France)","n81011159"
"Morelia (Michoacán de Ocampo, Mexico)","n80129080"
"Morgan Hill (Calif.)","n81108766"
"Morocco","n79069715"
"Morpeth (England)","n85081848"
"Morvi (India)","n2011002017"
"Moscow (Russia)","n79076156"
"Moselle (France : 1919-)","n2014055303"
"Moss Landing",""
"Moss Landing Harbor (Calif.)",""
"Motīhāri (India)",""
"Mountain View (Calif.)","n81071485"
"Mozambique","n81082759"
"Mudigandi Eru",""
"Muhari River",""
"Mūlki River",""
"Mumbai (India)","n2012073713"
"Mussoorie (India)","n85805295"
"Muzaffarnagar (India : District)","n81098283"
"Muzaffarpur (India : District)","n88030955"
"Mylliem (India : State)","n81006349"
"Mysore (India : District)","n79143751"
"Nadiad (India)","n88176374"
"Nāgāland (India)","n79127113"
"Nagamangala (India)","n88184490"
"Nagaon (India : District)","n2006207567"
"Nāgpur (India : District)","n88124225"
"Naharlagun (India)","n2012063899"
"Naini Tal (India : District)","n87839153"
"Nairobi (Kenya)","n79011090"
"Nalanda (India : District)","n85385806"
"Nalgonda (India : District)","n82090475"
"Nalhāti (India)","no2001102489"
"Namibia","n79039884"
"Nancowry Island (India)",""
"Nandigāma (India)",""
"Nandikotkūr (India)",""
"Nangarhār (Afghanistan)","n86066484"
"Napa (Calif.)","n81081020"
"Napa County (Calif.)","n79108910"
"Napāsar (India)",""
"Nārāyanpur (Rajasthan, India)",""
"Narmada River (India)","sh85089828"
"Naroli (India)",""
"Nashik Division (India)",""
"Nashville (Tenn.)","n78095801"
"Nāsik (India : District)","n88238727"
"Navsāri (India)","n89287968"
"Nayar River",""
"Ndola (Zambia)","n82038181"
"Neath Port Talbot (Wales)","no2003075838"
"Nebraska","n80072484"
"Nedungādu (India)",""
"Nermand (India)",""
"Netrāvati River",""
"Nevada","n79072716"
"New Caledonia","n81035871"
"New Forest (England : District)","n88080632"
"New Hampshire","n79007325"
"New Jersey","n80046086"
"New Mexico","n79005595"
"New York (N.Y.)","n79007751"
"New York (State)","n80126293"
"New Zealand","n79021322"
"Newark (Calif.)","n81081021"
"Newark and Sherwood",""
"Newcastle upon Tyne (England)","n81008303"
"Newcastle-under-Lyme (England : District)","n88278586"
"Newham (London, England)","n80139710"
"Newport (Wales)","no2004040135"
"Nicobar Islands (India)","sh96008891"
"Nièvre (France)","n81124798"
"Nilambur Taluk (India)","n2006171404"
"Nile River","sh85091951"
"Nīlgiri (India)",""
"Nimaj (India)","n89202720"
"Nīmrūz (Afghanistan)","n83039494"
"Ningxia Sheng (China)","n81128355"
"Nirmal (India)",""
"Nīsang (India)",""
"Noida (India)","n99024441"
"Nongbah (India)",""
"Nord (France : Department)","n83014800"
"Nord-Pas-de-Calais (France)","n80087154"
"North America","sh85092455"
"North Carolina","n79007042"
"North Cornwall (England)",""
"North Dakota","n79068662"
"North Devon (England)","n92115759"
"North Dorset (England)","n81069735"
"North East Derbyshire (England)","n80141376"
"North East Lincolnshire (England)","n2003032296"
"North Hertfordshire (England)","n82086585"
"North Kesteven (England)","n2013069360"
"North Koel River",""
"North Lakhimpur (India)",""
"North Lincolnshire (England)","nr98029630"
"North Norfolk (England)","nb2006027393"
"North Pacific Ocean","sh85092520"
"North Sea","sh85092528"
"North Shropshire (England)",""
"North Somerset (England)","n2003032297"
"North Tyneside (England)","n82164273"
"North Warwickshire (England)","nb2011019206"
"North West Leicestershire (England)","nb2006028110"
"North Wiltshire (England)",""
"Northampton (England)","n80147854"
"Norwich (England)","n80094266"
"Nottingham (England)","n80072324"
"Novato (Calif.)","n81081022"
"Noyo River (Calif.)","no2011093249"
"Noyo River Watershed (Calif.)",""
"Nuneaton & Bedworth (England)","nb2012022095"
"Nūristān (Afghanistan)","n85101922"
"Nuvem (India)",""
"Oadby and Wigston (England)","n82020626"
"Oakland (Calif.)","n79118971"
"Oakley (Calif.)","n78030095"
"Oaxaca de Juárez (Mexico)","n81144155"
"Ohio","n79049197"
"Oise (France)","n82099561"
"Ojinaga (Mexico)","n2003017910"
"Oklahoma","n79046257"
"Okti͡abrʹskiĭ (Bashkortostan, Russia)","no2010010661"
"Oldham (England)","n82258318"
"Oregon","n79021953"
"Orinda (Calif.)","n82041146"
"Orissa (India)","n79071202"
"Orne (France)","n50002367"
"Orūzgān (Afghanistan : Province)","n86066485"
"Oswestry (England)","n88058496"
"Ouagadougou (Burkina Faso)","n79099508"
"Oxford (England)","n79065853"
"Pacific Grove (Calif.)","n79095404"
"Pacific Ocean","sh85096476"
"Pacifica (Calif.)","n78087930"
"Pahlgām (India)","n81094925"
"Pāi (India)",""
"Pajaro (Calif.)","n98113346"
"Pajaro River (Calif.)",""
"Pakistan","n80125947"
"Paktīā (Afghanistan)","n85302301"
"Paktīkā (Afghanistan)","n96087300"
"Palembang (Indonesia)","n79100909"
"Palermo (Italy)","n79043751"
"Palmaner (India)",""
"Palo Alto (Calif.)","n81019888"
"Pamba River (India)","sh2012001868"
"Pāmban (India)",""
"Pāmban Island (India)",""
"Pan Nār (India)",""
"Panaji (India)","n81118501"
"Panam River",""
"Pānīpat (India)","n85027097"
"Panjshir (Afghanistan : Province)","n2012063624"
"Pāonta Sāhib (India)",""
"Par River (India)",""
"Paradgaon (India)",""
"Paris (France : Department)","n86106358"
"Paris (France)","n79058874"
"Parkfield (Calif.)","n82225414"
"Parvān (Afghanistan)","n86066486"
"Parwar (India)",""
"Pas-de-Calais (France)","n82099562"
"Pashchim Champāran (India)",""
"Pathānkot (India)","n2010208624"
"Patiāla (India : District)","n81122026"
"Patiāla (India)","n88147583"
"Patna (India : District)","n83074424"
"Payaswani River",""
"Pays de la Loire (France)","n80125704"
"Pebble Beach (Calif.)","n82138898"
"Pedda Cheruvu",""
"Pedda Gedda",""
"Pembrokeshire (Wales)","n82060321"
"Pendle (England)","n82164274"
"Penner River",""
"Pennsylvania","n79022911"
"Penwith (England)",""
"Periyār River",""
"Petaluma (Calif.)","n80016984"
"Peterborough (England)","n85046803"
"Phāileng (India)",""
"Phek (India)","n2012218605"
"Philadelphia (Pa.)","n78095520"
"Phoenix (Ariz.)","n81066146"
"Phulka River",""
"Picardy (France)","n80075199"
"Pidugurālla (India)",""
"Piedmont (Calif.)","n79118972"
"Pihra (India)",""
"Pimpalgaon (India)",""
"Pimpri-Chinchwad (India)",""
"Pinole (Calif.)","n81083002"
"Pittsburg (Calif.)","n81086821"
"Pittsburgh (Pa.)","n79054720"
"Pleasant Hill (Calif.)","n81081026"
"Pleasanton (Calif.)","n81081027"
"Plymouth (England)","n80097355"
"Poitou-Charentes (France)","n83014781"
"Ponda (India)","no93018697"
"Pondicherry (India : Union Territory)","n79095642"
"Pondicherry (India)","n81074465"
"Ponnāni (India)",""
"Poole (Dorset, England)","n80113262"
"Poona (India)","n79120251"
"Porbandar (India)","n82123486"
"Port Blair (India)","n82028960"
"Port Sudan (Sudan)","n81086913"
"Portland (Or.)","n79007500"
"Portola Valley (Calif.)","n81116236"
"Portsmouth (England)","n50078082"
"Powys (Wales)","n81009723"
"Prānhita River (India)","sh85106093"
"Preston (Lancashire, England)","n79066733"
"Pretoria (South Africa)","n79023000"
"Provence-Alpes-Côte d'Azur (France)","n82051760"
"Prunedale (Calif.)","n81006388"
"Puerto Rico","n79063677"
"Pulivendla (India)",""
"Puna River (India)",""
"Pūnch (India : District)","n84025785"
"Pune (India : District)","n85155103"
"Punjab (India)","n50000530"
"Purbeck (England)","nb2010003574"
"Pūrna River (India)",""
"Pusan (Korea)","n80013546"
"Puy-de-Dôme (France : Department)","n82161784"
"Pyrénées-Atlantiques (France)","n83143766"
"Pyrénées-Orientales (France)","n82000564"
"Qādiān (India)","n2005038964"
"Qinghai Sheng (China)","n81015718"
"Quilon (India)","n80150293"
"Raia (India)",""
"Raigarh (India : District)","n85044847"
"Rājampet (India)",""
"Rajasthan (India)","n79061911"
"Rājaund (India)",""
"Rajkot (India : District)","n80107696"
"Rājsamand (India : District)","n2002125994"
"Rājshāhi (Bangladesh)","n81071714"
"Rāmganga Nadi",""
"Rāmgarh (India)",""
"Rāmpur (Uttar Pradesh, India : District)","n89249798"
"Rānīkhet (India)","n84195943"
"Ranipur (India)",""
"Rann of Kutch",""
"Ratnāgiri (India : District)","n83150618"
"Rātu (India)",""
"Ravi River (India and Pakistan)","sh87002222"
"Reading (England : Borough)","nr93049042"
"Red Sea","sh85112090"
"Redbridge (London, England)","n82081662"
"Redcar and Cleveland (England)","n2003032306"
"Redditch (England : District)","n88238166"
"Redwood City (Calif.)","n81101026"
"Reigate and Banstead",""
"Reotīpur (India)",""
"Restormel",""
"Réunion","n79079314"
"Rewāri (India)","n2009004858"
"Rhenok (India)",""
"Rhode Island","n79022912"
"Rhondda Cynon Taff (Wales)","no2002029284"
"Rhône (France)","n81092065"
"Rhône-Alpes (France)","n80123342"
"Ribble Valley (England : Borough)","nb2005005410"
"Ribeirão Prêto (Brazil)","n81018973"
"Richmond (Calif.)","n80160391"
"Richmond upon Thames (London, England)","n81019317"
"Richmondshire (England)","nb2011005711"
"Rihand River",""
"Rio Vista (Calif.)","n82032032"
"Rishīkesh (India)","n84112059"
"Rochdale (England)","n81007332"
"Rochford (England : District)","n88278681"
"Rocky Mountains","sh85114790"
"Rohnert Park (Calif.)","n81081029"
"Rohtak (India : District)","n85160323"
"Rongram (India)",""
"Rosarito (Tijuana, Baja California, Mexico)","n2002031116"
"Ross (Calif.)","n81081031"
"Rossendale (England)","n82028284"
"Rother (England)","n88278685"
"Rotherham (England)","n88031897"
"Rugby (England : District)","n94021787"
"Runnymede (England)","n81083608"
"Rūpangarh (India)",""
"Rushcliffe (Nottinghamshire, England)","no2010112110"
"Rushmoor (England : District)","n88278784"
"Russia","n80001203"
"Russian River (Calif.)","sh88000860"
"Russian River Watershed (Calif.)",""
"Rutland (England)","n83135435"
"Rwanda","n81025976"
"Ryedale (England)","nb2005005201"
"Sabarmati (India)","n81082599"
"Sābarmatī River (India)","sh85116174"
"Sacramento (Calif.)","n79066525"
"Sagi Nadī",""
"Sagileru River",""
"Sahāranpur (India : District)","n81074452"
"Saharsa (India)",""
"Sai River (India)",""
"Sāili (India)",""
"Saint Helena (Calif.)","n80031331"
"Saint Pierre and Miquelon","n83017162"
"Saint-Barthélemy","n84179175"
"Saint-Martin (Collectivity)","no2008109008"
"Salem (India : District)","n82272161"
"Salford (Greater Manchester, England)","n79128933"
"Saligão (India)","no2003072731"
"Salinas (Calif.)","n81080010"
"Salinas River Watershed (Calif.)",""
"Salisbury (England)","n82029063"
"Sālwan (India)",""
"Samangān (Afghanistan : Province)","n86066489"
"Sāmba (India)",""
"Sāmbhar Salt Lake",""
"San Anselmo (Calif.)","n50058914"
"San Antonio (Tex.)","n79054641"
"San Ardo (Calif.)","n2006165789"
"San Benito County (Calif.)","n79089117"
"San Bruno (Calif.)","n79054244"
"San Carlos (Calif.)","n81101027"
"San Diego (Calif.)","n79056560"
"San Francisco (Calif.)","n79018452"
"San Joaquin County (Calif.)","n81097506"
"San Jose (Calif.)","n79102890"
"San Leandro (Calif.)","n81081032"
"San Lucas (Calif.)","n2006165794"
"San Mateo (Calif.)","n81081033"
"San Mateo County (Calif.)","n81061756"
"San Pablo (Calif.)","n81081034"
"San Rafael (Calif.)","n81039873"
"San Ramon (Calif.)","n81071617"
"San Salvador (El Salvador)","n79066410"
"Sand City (Calif.)","n79033971"
"Sandwell (England)","nr2005016937"
"Sāngli (India : District)","n85107301"
"Sangrūr (India)","n84065654"
"Ṣanʻāʼ (Yemen)","n80086523"
"Santa Clara (Calif.)","n79045555"
"Santa Clara County (Calif.)","n79089118"
"Santa Cruz (Calif.)","n79083269"
"Santa Cruz (Goa, India)","n89100195"
"Santa Cruz Small Craft Harbor",""
"Santa Rosa (Calif.)","n81081036"
"Santiago (Chile)","n79077402"
"São Paulo (Brazil)","n79077404"
"Saône-et-Loire (France)","n81096322"
"Sapāi Nadī",""
"Sar-e Pol (Afghanistan)","n85330759"
"Saran (India)","n79105943"
"Saraswati River (India)","sh2004006015"
"Saratoga (Calif.)","n81108745"
"Sarthe (France)","n81060081"
"Sāsoi River",""
"Sāu River",""
"Saudi Arabia","n80131611"
"Sausalito (Calif.)","n81081037"
"Savoie (France)","n80115811"
"Scarborough (England)","n82024444"
"Seaside (Calif.)","n81108321"
"Seattle (Wash.)","n79041965"
"Sebastopol (Calif.)","n82041165"
"Sedgefield (England : District)","n88187273"
"Sedgemoor (England)","nb2004305485"
"Sefton (England)","n77019270"
"Seine-et-Marne (France)","n81119934"
"Seine-Maritime (France)","n81050232"
"Seine-Saint-Denis (France)","n81039882"
"Selby (England : District)","n88238456"
"Seoul (Korea)","n79066627"
"Sevenoaks (England)","n81118454"
"Shaanxi Sheng (China)","n81004156"
"Shahjadpur (Bangladesh)","n82051101"
"Shajapur (India : District)","n89287461"
"Shandong Sheng (China)","n80158871"
"Shanghai (China)","n79063254"
"Shangpung (India)",""
"Shanxi Sheng (China)","n80131727"
"Sharāvati River",""
"Sheffield (England)","n79072766"
"Sheffield (England)","n79072766"
"Shella (India)","no2002066313"
"Shepway (England : District)","nb2008007622"
"Sher Nadī",""
"Sherpur (India)",""
"Shevgaon (India)",""
"Shillong (India)","n81003906"
"Shirdi (India)","n81010832"
"Sholāpur (India : District)","n82000514"
"Shrewsbury and Atcham (England)",""
"Shymkent (Kazakhstan)","n89118823"
"Shyok River",""
"Sibsāgar (India : District)","n85370258"
"Sichuan Sheng (China)","n81020323"
"Sihphir (India)",""
"Sīkar (India : District)","n85107080"
"Sikkim (India)","n80038365"
"Sili (India)",""
"Silvāni (India)",""
"Simla (India : District)","n89262616"
"Singapore (City)",""
"Siroda (India)",""
"Sirohi (India : District)","n84018080"
"Sirpur (India)",""
"Sitamarhi District (India)","n83060548"
"Sītānadī River",""
"Siwan (India : District)","no2001009997"
"Sīwan (India)","no89000014"
"Siwāna (India)",""
"Slough (England)","n50064552"
"Solan (India : District)","n85161932"
"Solāni River",""
"Solano County (Calif.)","n81080171"
"Soledad (Calif.)","n86108756"
"Solihull (England)","n82164134"
"Somesar Nadī",""
"Somme (France)","n80115822"
"Sompeta (India)",""
"Son River (India)","sh85124811"
"Sonai (India)",""
"Sonar River (India)","sh85124815"
"Sonāwāri (India)",""
"Songkhla (Thailand)","n85047295"
"Sonīpat (India)","n81085968"
"Sonoma (Calif.)","n82098551"
"Sonoma County (Calif.)","n81061755"
"Soquel Canyon (Calif.)",""
"South Africa","n79023005"
"South America","sh85125524"
"South Bedfordshire (England)","n83023569"
"South Bucks (England)","nb2011011430"
"South Cambridgeshire (England)","n77000627"
"South Carolina","n79022914"
"South Dakota","n79007333"
"South Derbyshire (England)","n98109877"
"South Gloucestershire (England)","n2002022203"
"South Hams (England)","n82083267"
"South Holland (England)","nb2004308558"
"South Kesteven (England)","n82105469"
"South Lakeland (England)","nb2007013555"
"South Norfolk (England)","n94016375"
"South Northamptonshire (England)","nb2005000636"
"South Oxfordshire (England)","n85308402"
"South Pacific Islands",""
"South Ribble (England)","n88080912"
"South San Francisco (Calif.)","n81081040"
"South Shropshire (England)","n83220830"
"South Somerset (England)","n88187267"
"South Staffordshire (England)","n94016369"
"South Tyneside (England)","n82164272"
"Southampton (England)","n79072768"
"Southend-on-Sea (England)","n80145365"
"Southern Province (Zambia)","n83022861"
"Southwark (London, England)","n50056114"
"Spain","n79006971"
"Spelthorne (England)","n82018597"
"Spreckels (Calif.)","n98113353"
"Springfield (Ill.)","n79041941"
"St. Albans (England)","n50053869"
"St. Catharines (Ont.)","n82094699"
"St. Edmundsbury (England)","n84220713"
"St. Helens (Merseyside, England)","n2002012001"
"Stafford (England)","n81095806"
"Staffordshire Moorlands (England)","n83030405"
"Stevenage (England)","n81038857"
"Stockport (England)","n83208369"
"Stockton-on-Tees (England)","n81082054"
"Stoke-on-Trent (England)","n80117457"
"Stratford-on-Avon (England : District)","n84195781"
"Stroud (England)","n85233080"
"Sudan","n79022301"
"Suffolk Coastal (England)","n77002807"
"Suisun (Calif.)","n85046894"
"Sukh Rao (India)",""
"Sukha",""
"Sukma (India)",""
"Sukri Nadī",""
"Sukri River (India)",""
"Sukta River (India)",""
"Sultānpur (India : District)","n80075286"
"Sunāri (India)",""
"Sundardhunga River",""
"Sunderland (Tyne and Wear, England)","n81089966"
"Sunnyvale (Calif.)","n81056552"
"Supaul (India)",""
"Sūrat (India : District)","n81071711"
"Surendranagar (India : District)","n80143567"
"Surma River",""
"Surrey Heath (England)","n85207763"
"Sutlej River","sh85130912"
"Sutnga (India)",""
"Sutton (London, England)","n83227570"
"Swale (England)","n85149654"
"Swansea (Wales)","n82028251"
"Swaziland","n81087157"
"Swindon (Wiltshire, England)","n81125744"
"Sydney (N.S.W.)","n79021855"
"Tacoma (Wash.)","n79071274"
"Tādong (India)",""
"Tajikistan","n91129915"
"Takhār (Afghanistan)","n86066490"
"Tamār (India)",""
"Tāmbraparni River",""
"Tamenglong (India)",""
"Tameside (England)","n78029789"
"Tamil Nadu (India)","n80061081"
"Tamworth (England)","n88175885"
"Tandridge (England : District)","n82167020"
"Tānūr (India)","n78092669"
"Tāpti River",""
"Tarn (France)","n50068849"
"Tarn-et-Garonne (France)","n80132130"
"Tassajara Hot Springs",""
"Taunton Deane (England)","nb2008013892"
"Tawā River (India)",""
"Tébessa (Algeria)","n2006016474"
"Tecate (Mexico)","n80090656"
"Teesdale (England",""
"Tehran (Iran)","n79039626"
"Teignbridge (England)","n94019562"
"Tekanpur (India)",""
"Tel Aviv (Israel)","n79066414"
"Telford & Wrekin (England)","nb2005008875"
"Tendring (England)","nb2010015945"
"Tennessee","n79060965"
"Terres australes et antarctiques françaises","n82094862"
"Test Valley (England)","nb2006006305"
"Tewkesbury (England)","n86068279"
"Texas","n80129616"
"Tezpur (India)","n89110553"
"Tezu (India)",""
"Thāne (India : District)","n85045214"
"Thanet (England)","n80105514"
"Thānga (India)",""
"Thessalonikē (Greece)","n80056641"
"Thiruvarur (India)",""
"Three Rivers (England)","n83023571"
"Thurrock (England)","n83032623"
"Tianjin (China)","n80076205"
"Tibet Autonomous Region (China)","n79100917"
"Tiburon (Calif.)","n81081041"
"Tigharā Reservoir",""
"Tijuana (Baja California, Mexico)","n82020615"
"Tinsukia (India)",""
"Tiruchchirāppalli (India)","n80112763"
"Tiruppattūr (India)","n82252421"
"Tirūr (India)",""
"Tirūrangādi (India)",""
"Tisa Jo",""
"Tokyo (Japan)","n79034998"
"Tonbridge and Malling (England)","n82164278"
"Tondāpur (India)",""
"Tons Nadi",""
"Torbay (England)","n89146926"
"Torfaen (Wales)","n85380905"
"Torridge (England)","n88278545"
"Tower Hamlets (London, England)","n82119228"
"Trafford (England)","n82164271"
"Tripura (India)","n80161616"
"Trivandrum (India : District)","n82103543"
"Tucson (Ariz.)","n79064631"
"Tuichang River (India)",""
"Tuisen (India)",""
"Tuivai (India)",""
"Tunbridge Wells (England)","n81033202"
"Turkmenistan","n91129790"
"Tuxtla Gutiérrez (Mexico)","n84191860"
"Udaipur (India : District)","n85156501"
"Uganda","n80126332"
"Ujjain (India : District)","n81030113"
"Ukhrul (India : District)","n2005207713"
"Ulaanbaatar (Mongolia)","n82211486"
"Union City (Calif.)","n81081042"
"United States","n78095330"
"United States Virgin Islands",""
"Uppala River",""
"Upper Bāri Doāb Canal (India)",""
"Upper Subansiri (India)","n2012218616"
"Upputeru River",""
"Usgao (India)",""
"Usri Nadī",""
"Utah","n79021759"
"Uttar Pradesh (India)","n80125998"
"Uttarakhand (India)","n2010001342"
"Uttlesford (England)","n82106389"
"Uzbekistan","n91129869"
"Vacaville (Calif.)","n81081043"
"Vadodara (India : District)","n82047072"
"Vaigai River",""
"Vaippār River",""
"Val-d'Oise (France)","n83225744"
"Val-de-Marne (France)","n83200305"
"Vale of Glamorgan (Wales)","n85064445"
"Vale of White Horse (England)","n85064446"
"Vale Royal (England)","n82023646"
"Valledupar (Colombia)","n83205549"
"Vallejo (Calif.)","n79125898"
"Valpoy (India)",""
"Vamsadhara River (India)","sh2012002791"
"Var (France)","n81102547"
"Vārāhi (India)",""
"Vārānasi (Uttar Pradesh, India : District)","n82017475"
"Varangaon (India)",""
"Vardak (Afghanistan)","n86066491"
"Vāsco Da Gāma (India)",""
"Vātrak River",""
"Vaucluse (France : Department)","n50021204"
"Vellore (India : District)","no2002095688"
"Vena River (India)",""
"Vendée (France)","n81003034"
"Venkatāpur (Karnataka : India)",""
"Veraval (India)","n2008206476"
"Vermont","n79007067"
"Victoria (B.C.)","n81090251"
"Vienna (Austria)","n79018895"
"Vienne (France)","n80139195"
"Vijayawāda (India)","n81089485"
"Villanur (India)",""
"Virginia","n79022909"
"Virginia Beach (Va.)","n80060996"
"Vishākhapatnam (India : District)","n85155188"
"Vosges (France)","n80072493"
"Vuyyūru (India)",""
"Wābāgai (India)",""
"Wakefield (England)","n84028306"
"Wallis and Futuna Islands","n86048239"
"Walnut Creek (Calif.)","n81050045"
"Walsall (England)","n82273903"
"Waltham Forest (London, England)","n88278998"
"Wandoor (India)","n89234298"
"Wandsworth (London, England)","n88230950"
"Wansbeck (England)","n79098636"
"Warangal (India : District)","n85014568"
"Wardha River (India)",""
"Warrington (England)","n82082914"
"Warsaw (Poland)","n79018894"
"Warwick (England)","n86064982"
"Washington (D.C.)","n79018774"
"Washington (State)","n79027224"
"Watford (England)","n50072588"
"Waveney (England)","n85030727"
"Waverley (England)","no2006072383"
"Wealden (England)","n78055046"
"Wear Valley (England)",""
"Wellingborough (England)","n88299186"
"Welwyn Hatfield (England)","n80141383"
"West Allahābād Branch",""
"West Bengal (India)","n81063203"
"West Berkshire (England)","nb2005014931"
"West Devon (England)","nb2004314078"
"West Dorset (England)","nb2007020696"
"West Lancashire (England)","n88278918"
"West Lindsey (England)",""
"West Oxfordshire (England)","nb2012001069"
"West Somerset (England)",""
"West Virginia","n79059831"
"West Wiltshire (England)","nb2006024346"
"Western Province (Zambia)","n83055144"
"Westminster (London, England)","n80153126"
"Weymouth and Portland (England)","n87912162"
"Wigan (England)","n83052640"
"Winchester (England)","n80004080"
"Windsor (Calif.)","n88160653"
"Windsor and Maidenhead (England)","n82164137"
"Wirral (England)","n78015009"
"Wisconsin","n79022855"
"Woking (England)","n84146772"
"Wokingham (England)","n88662365"
"Wolverhampton (England)","n80079492"
"Woodside (Calif.)","n81116235"
"Worcester (England)","n81018214"
"Worthing (England)","n81048282"
"Wrexham (Wales)","n82020718"
"Wychavon (England)",""
"Wycombe (England : District)","n82164277"
"Wyoming","n79022108"
"Wyre (England)","n88278534"
"Wyre Forest (England)","n79003470"
"Xinjiang Sheng (China)","n81075923"
"Yamuna River (India)","sh87001822"
"Yercaud (India)",""
"Yerevan (Armenia)","n79142628"
"Yiyang Shi (China)","nr95041462"
"Yonne (France)","n81120450"
"York (England)","n80034915"
"Yountville (Calif.)","n80072141"
"Yulin Shi (China)","n97047194"
"Yunnan Sheng (China)","n81059860"
"Yvelines (France)","n82129305"
"Zābul (Afghanistan)","no2013035694"
"Zambia","n80089997"
"Zhejiang Sheng (China)","n81023097"
"Zhengzhou (China)","n2008049243"
"Zugdidi (Georgia)","n2009016643"
"Zunheboto (India)",""
